lang0,lang1,lang2,lang3
Java, Python, Ruby, SQL
Clojure, Elixir, Erlang, Haskell
Assembly, C, C++, C#
Groovy, Java, JavaScript, Lua
Assembly, C, C++, C#
C++, JavaScript, Ruby, Rust
C++, C#, F#, Haskell
C++, C#, Java, Lua
C++, C#, Java, Python
C, C++, Java, PHP
CoffeeScript, Go, Haskell, Java
C, C++, Go, Haskell
C, C++, Java, Python
C++, Go, Haskell, JavaScript
C, C#, Python, Rust
Assembly, C, C++, Java
Assembly, C, Common Lisp, Clojure
C++, Haskell, Perl, Python
Java, JavaScript, Python, SQL
Java, JavaScript, PHP, SQL
C, C++, Elixir, Go
C#, Java, JavaScript, PHP
CoffeeScript, Elixir, PHP, Python
Assembly, C, C++, C#
C++, Java, JavaScript, Ruby
C#, Java, Python, Ruby
C++, Go, Java, JavaScript
Assembly, C, Go, Python
CoffeeScript, Java, PHP, Python
C, C++, Go, Swift
C++, Java, Perl, PHP
Assembly, C, C++, C#
Dart, Elixir, Go, Java
Clojure, Erlang, Julia, R
Assembly, C#, Java, Ruby
C++, C#, F#, JavaScript
C++, Groovy, Java, JavaScript
C#, Haskell, Java, JavaScript
C#, Java, PHP, Python
Java, JavaScript, Python, R
Go, Haskell, Java, JavaScript
Assembly, C, C++, C#
Go, Haskell, JavaScript, Scala
C, Java, Objective-C, Swift
C, C++, C#, Java
Clojure, Haskell, Java, JavaScript
Go, Java, Python, R
C++, C#, Objective-C, Swift
C, C++, Java, Rust
Assembly, Dart, JavaScript, Python
C, C++, Python, Rust
Assembly, C, C#, Erlang
Assembly, C, F#, Go
Assembly, C, C++, C#
C++, C#, JavaScript, Python
C++, C#, Java, JavaScript
C++, C#, JavaScript, Python
Assembly, C, C++, Haskell
Assembly, C, C++, C#
C, C++, C#, Go
C, C#, Lua, Python
C++, C#, Java, Python
Haskell, Java, JavaScript, Python
C++, Java, JavaScript, Python
C, C#, F#, Haskell
Assembly, C++, C#, Clojure
Assembly, C, JavaScript, Objective-C
Java, PHP, Python, R
Assembly, C, C++, Haskell
Assembly, C, C++, C#
C, C++, C#, Rust
CoffeeScript, Java, JavaScript, Lua
Assembly, C, C++, Dart
Assembly, C, C++, C#
C, Haskell, Java, Python
C, C++, Go, Java
C, C#, Groovy, Java
C#, JavaScript, Objective-C, SQL
Java, JavaScript, PHP, SQL
C#, JavaScript, PHP, Python
C++, C#, Elixir, Erlang
C, Java, JavaScript, PHP
CoffeeScript, Go, JavaScript, Python
C++, C#, Go, Java
Clojure, Dart, Go, Java
C#, Go, JavaScript, Python
C, Erlang, Go, JavaScript
C, C++, Java, JavaScript
C++, C#, F#, Matlab
JavaScript, Python, SQL, Visual Basic 6
C, C++, Python, R
Java, JavaScript, PHP, Python
Assembly, C#, F#, JavaScript
C#, Go, Hack, Ruby
Assembly, CoffeeScript, JavaScript, PHP
JavaScript, Matlab, Python, SQL
C#, JavaScript, PHP, R
Haskell, Python, Ruby, Swift
C, C++, Java, Objective-C
Assembly, C, C++, Elixir
Go, JavaScript, Python, R
Go, Java, Python, Ruby
C#, F#, JavaScript, TypeScript
C++, C#, Java, JavaScript
C++, C#, Java, SQL
C, Go, Java, PHP
C#, JavaScript, PHP, SQL
Assembly, C, C++, C#
C, C++, C#, PHP
Java, JavaScript, Objective-C, PHP
C, C++, C#, Objective-C
Dart, Go, Groovy, Java
C++, Go, JavaScript, Python
Assembly, C++, C#, Java
C++, C#, Java, JavaScript
C#, Go, Haskell, Java
C++, Go, Haskell, JavaScript
Assembly, C, Go, Rust
C#, F#, Java, Swift
Assembly, C++, C#, Python
C, C++, JavaScript, Swift
C, C++, Haskell, Python
Haskell, Python, Rust, SQL
Assembly, C, C#, Java
Assembly, C, C++, CoffeeScript
C, C#, Go, Lua
Assembly, C, C++, C#
C#, Erlang, JavaScript, SQL
C++, JavaScript, PHP, Ruby
F#, Matlab, Python, R
Java, JavaScript, PHP, Python
Assembly, Clojure, Elixir, F#
C, C++, C#, Go
C++, C#, Java, JavaScript
Go, R, Rust, Swift
Assembly, JavaScript, Lua, Python
Java, Lua, Python, SQL
C, C++, Haskell, Python
C, C#, Java, JavaScript
C++, C#, JavaScript, TypeScript
C++, Common Lisp, Erlang, Haskell
C++, Objective-C, Python, Ruby
C, C++, Haskell, Java
C, C++, C#, JavaScript
Assembly, C#, Go, Java
Rust, Swift, TypeScript, Visual Basic 6
C, C++, Go, Haskell
Assembly, C#, F#, JavaScript
Java, JavaScript, Lua, PHP
Assembly, C, C++, JavaScript
Julia, PHP, Python, SQL
Common Lisp, Haskell, Rust, Scala
Assembly, Matlab, Objective-C, Python
C, C++, Go, Java
Go, JavaScript, Python, Ruby
C#, Go, JavaScript, PHP
Assembly, C, C++, Java
Assembly, C, C++, C#
C++, C#, JavaScript, PHP
C, C++, Haskell, Python
C++, Python, R, Ruby
Assembly, C, C++, C#
C++, C#, F#, Haskell
JavaScript, Ruby, SQL, Swift
C++, Go, Python, R
C++, C#, Lua, Scala
C++, Java, Python, SQL
Assembly, CoffeeScript, Common Lisp, Clojure
C#, Java, JavaScript, Python
Assembly, C, C++, Java
C, C++, JavaScript, PHP
Assembly, C, C++, JavaScript
C, C++, C#, Java
C#, Java, Python, SQL
Dart, Java, JavaScript, Ruby
Common Lisp, Java, JavaScript, PHP
C, C++, Java, JavaScript
C, Java, JavaScript, SQL
C#, Java, JavaScript, Python
Haskell, Python, Ruby, Rust
C++, JavaScript, SQL, TypeScript
C++, Java, Python, R
C#, Java, JavaScript, PHP
JavaScript, PHP, SQL, TypeScript
Java, PHP, Python, Ruby
Java, JavaScript, PHP, Python
C++, C#, JavaScript, SQL
Assembly, C, C++, C#
Assembly, C++, Java, JavaScript
Assembly, C, C#, Hack
C++, C#, Go, Java
C++, C#, CoffeeScript, Go
Java, PHP, Python, Rust
C, C++, Haskell, Rust
C++, C#, Java, Python
C, CoffeeScript, JavaScript, Perl
Go, Java, JavaScript, PHP
C, Java, JavaScript, PHP
Assembly, C, Java, SQL
C#, Java, Lua, Objective-C
C++, C#, Common Lisp, Clojure
C, C++, JavaScript, Matlab
C, Go, Haskell, Scala
C, C++, JavaScript, Python
C++, Java, Python, R
C++, C#, Python, SQL
C#, JavaScript, PHP, VB.NET
C#, JavaScript, PHP, Python
Java, JavaScript, PHP, Python
C, Julia, Lua, Objective-C
Assembly, C++, C#, Python
Java, JavaScript, PHP, SQL
C++, Java, JavaScript, Lua
Assembly, C, C++, Go
C++, C#, F#, Go
C++, Java, Rust, Scala
C, C++, JavaScript, Perl
Java, JavaScript, Python, Scala
C#, Java, JavaScript, Objective-C
Assembly, C, JavaScript, Lua
C, C++, C#, JavaScript
C#, CoffeeScript, Common Lisp, Clojure
C, C++, CoffeeScript, Go
C#, Objective-C, Python, SQL
C, C++, C#, Java
Elixir, Go, JavaScript, Julia
Dart, Go, Java, Python
Assembly, C, C++, Elixir
Go, Python, R, SQL
Assembly, C, C++, Go
C, C#, Python, Rust
Erlang, Go, JavaScript, Scala
Assembly, C, Go, JavaScript
C++, JavaScript, PHP, Python
Assembly, C, C++, F#
C++, C#, Common Lisp, Clojure
Dart, Go, Groovy, Hack
C++, JavaScript, PHP, Python
C, C++, C#, Matlab
C, C++, Java, Ruby
Java, JavaScript, PHP, Python
C#, JavaScript, PHP, SQL
C++, JavaScript, Python, R
C#, Java, JavaScript, VBA
CoffeeScript, JavaScript, PHP, Swift
Assembly, C, C++, C#
C, C++, C#, Java
C++, CoffeeScript, Go, JavaScript
C, Java, JavaScript, PHP
Java, JavaScript, Matlab, Python
C#, CoffeeScript, JavaScript, Python
C++, C#, Erlang, Java
C++, Java, PHP, Python
C#, Java, JavaScript, Ruby
JavaScript, Objective-C, Python, Swift
Assembly, C, Clojure, Go
Assembly, C, Java, PHP
C, Common Lisp, F#, Lua
C, C#, Perl, SQL
Assembly, Java, R, Swift
Assembly, C, C#, Go
C++, Go, JavaScript, Python
Assembly, Groovy, Haskell, Java
C, C++, Python, SQL
Assembly, C, Java, Python
Assembly, C++, Java, JavaScript
Java, JavaScript, PHP, Python
JavaScript, PHP, Python, SQL
Go, Haskell, Python, Rust
C++, C#, Java, JavaScript
C++, C#, Java, JavaScript
C++, C#, Java, JavaScript
Java, PHP, Python, R
C++, Dart, Java, JavaScript
Clojure, JavaScript, SQL, Swift
C++, C#, Java, Python
C#, Go, Hack, Java
Assembly, C, C++, Go
Go, Python, R, SQL
C++, JavaScript, Python, Rust
Assembly, C, C++, Go
C++, C#, Java, PHP
C, C++, CoffeeScript, Common Lisp
Assembly, C, C++, Common Lisp
C, C++, Go, JavaScript
Assembly, C++, C#, Java
C, C++, C#, Groovy
C, Java, JavaScript, Python
C, Java, JavaScript, Python
C, C++, C#, Dart
Clojure, JavaScript, Matlab, Objective-C
C++, Java, JavaScript, PHP
Go, Java, JavaScript, PHP
C++, C#, Go, Perl
C++, Go, Java, JavaScript
C, C++, C#, Haskell
C, C++, Java, JavaScript
C, C++, C#, Java
C++, Java, JavaScript, PHP
Clojure, JavaScript, Python, SQL
C, C++, C#, Clojure
C, C++, Java, PHP
Assembly, C, Java, Python
C#, CoffeeScript, Clojure, Dart
C, C++, Java, JavaScript
C++, C#, JavaScript, SQL
Assembly, C++, Go, PHP
Assembly, C++, JavaScript, Matlab
Go, Java, Julia, Objective-C
C, C++, C#, CoffeeScript
Assembly, C, C++, Java
Assembly, C++, JavaScript, PHP
Assembly, C, C++, Lua
C, C++, C#, Java
JavaScript, PHP, Ruby, SQL
Go, JavaScript, Objective-C, Python
C, C++, CoffeeScript, Go
C, C#, Python, SQL
Assembly, C, Objective-C, Python
CoffeeScript, Elixir, Go, JavaScript
C++, F#, Haskell, Java
C, C++, C#, F#
C++, PHP, Python, SQL
C#, Go, Java, JavaScript
C, C++, C#, Java
C, C++, Java, JavaScript
C++, Java, JavaScript, PHP
C, C#, Go, JavaScript
Assembly, C++, C#, Java
C, C++, Clojure, Go
C, Common Lisp, Clojure, Haskell
C#, JavaScript, Python, Swift
C#, Java, Python, SQL
C++, C#, Java, JavaScript
C++, C#, Java, Python
C++, Java, JavaScript, PHP
C, C++, Common Lisp, Erlang
JavaScript, Perl, Python, R
C++, Java, JavaScript, PHP
Elixir, Erlang, Go, JavaScript
Assembly, C, Clojure, Haskell
C, C++, Matlab, Python
Assembly, C, C++, C#
Go, Haskell, JavaScript, Python
Java, JavaScript, PHP, SQL
C, F#, Go, Haskell
Java, JavaScript, PHP, Python
C++, PHP, Ruby, Swift
C, C++, Go, Haskell
Assembly, C, C++, Common Lisp
Assembly, C, C++, C#
C++, C#, Java, JavaScript
Assembly, Go, Objective-C, R
C++, Java, JavaScript, Lua
Dart, Elixir, Haskell, JavaScript
C#, Java, JavaScript, Python
C++, C#, Java, Python
Assembly, C, C++, C#
C++, JavaScript, PHP, SQL
C++, Java, JavaScript, Python
Assembly, Lua, PHP, Python
C++, Clojure, F#, Haskell
C, C++, C#, Java
C, C++, JavaScript, Python
C, C++, C#, JavaScript
C, C++, Java, JavaScript
Assembly, C, Python, Rust
Java, JavaScript, Python, Ruby
C++, C#, Java, JavaScript
C, C++, Java, JavaScript
F#, Haskell, Objective-C, Smalltalk
Assembly, C, C#, F#
C, C#, Common Lisp, F#
C++, Java, Python, Swift
Assembly, Java, JavaScript, Matlab
C++, C#, Go, Java
C#, Java, Python, SQL
Assembly, JavaScript, Python, SQL
C++, Java, JavaScript, PHP
C, Java, Python, Ruby
Assembly, Go, JavaScript, Swift
Elixir, Java, Python, Rust
Java, JavaScript, Python, Swift
C, C++, JavaScript, Python
C++, C#, CoffeeScript, Java
C#, Go, Python, Swift
Assembly, C, C++, C#
Go, JavaScript, PHP, Python
C#, F#, Perl, Rust
Assembly, C, C++, Python
Assembly, Lua, Python, Rust
C, Common Lisp, Perl, Ruby
C, C++, Common Lisp, Clojure
Assembly, C, CoffeeScript, Objective-C
C++, C#, JavaScript, Python
C#, Go, Java, JavaScript
Assembly, Java, JavaScript, Lua
C++, C#, F#, Lua
C++, C#, Lua, Python
Java, JavaScript, PHP, TypeScript
JavaScript, Python, R, Rust
Assembly, C, C++, C#
JavaScript, Matlab, Python, SQL
C, C++, C#, Java
JavaScript, Python, R, SQL
C, Erlang, Java, JavaScript
C, Java, JavaScript, Perl
Assembly, C, C++, Python
Assembly, C, C++, Java
Assembly, Go, Python, Ruby
C, C++, C#, Go
Assembly, C, C++, C#
C, C++, C#, Go
C, Go, Java, Python
Common Lisp, Clojure, Erlang, Haskell
C++, C#, F#, Haskell
C#, F#, Java, JavaScript
C, C++, Java, JavaScript
C++, Haskell, Java, JavaScript
Java, JavaScript, Scala, SQL
Assembly, C#, JavaScript, Python
Assembly, C, Go, Haskell
Go, JavaScript, PHP, SQL
C++, Java, JavaScript, PHP
C#, Groovy, Java, JavaScript
C#, JavaScript, PHP, Scala
C++, JavaScript, Python, SQL
C#, Java, JavaScript, PHP
C++, C#, Go, Java
C#, Java, JavaScript, SQL
C#, Java, JavaScript, Matlab
C++, C#, Java, JavaScript
Go, Java, JavaScript, Python
Java, JavaScript, PHP, SQL
C++, C#, Go, Ruby
C#, JavaScript, PHP, SQL
C++, C#, JavaScript, Objective-C
C#, F#, Java, Objective-C
C++, C#, Java, JavaScript
Assembly, C, C++, C#
Common Lisp, Clojure, Erlang, Go
CoffeeScript, JavaScript, Python, TypeScript
C++, Java, JavaScript, Python
C#, JavaScript, Python, TypeScript
C++, Java, JavaScript, PHP
C#, CoffeeScript, Java, JavaScript
C++, C#, Go, Java
C++, Java, Matlab, Objective-C
C, C++, Objective-C, PHP
Assembly, Groovy, Java, JavaScript
Haskell, Matlab, Python, R
C++, C#, Java, Python
Java, JavaScript, PHP, Python
Java, JavaScript, Python, R
CoffeeScript, Go, JavaScript, Objective-C
C, C++, C#, Go
C, C++, PHP, Python
C++, Java, Python, Swift
Clojure, Haskell, JavaScript, Python
C++, JavaScript, Ruby, Rust
C, C++, Go, Haskell
Go, Java, JavaScript, Perl
Java, JavaScript, PHP, Python
C++, C#, Java, JavaScript
C++, C#, Go, Java
C#, Erlang, JavaScript, Swift
C, Python, R, Swift
C++, Java, Python, SQL
Assembly, C, C++, C#
C#, Clojure, Python, Scala
C, C++, C#, Java
C#, F#, Go, R
C#, Java, JavaScript, Objective-C
C, C++, Objective-C, Python
C, Java, Python, Ruby
C++, Common Lisp, JavaScript, Python
C++, C#, Go, JavaScript
Clojure, JavaScript, Python, Scala
C, C++, C#, JavaScript
C++, C#, Groovy, Java
C++, JavaScript, SQL, Visual Basic 6
PHP, Python, R, Ruby
C, CoffeeScript, Java, JavaScript
C, JavaScript, Python, SQL
Common Lisp, Matlab, Perl, PHP
C++, F#, Java, JavaScript
C, C++, JavaScript, Python
C, C++, C#, Hack
C, C#, Java, Visual Basic 6
Java, JavaScript, Python, SQL
Assembly, C, C++, C#
C, Java, PHP, Python
C, C++, Go, JavaScript
C#, JavaScript, SQL, TypeScript
C++, C#, Go, Java
C#, Java, JavaScript, Python
Assembly, C++, Java, PHP
Assembly, Java, JavaScript, PHP
C++, C#, Java, Python
Go, Java, JavaScript, Python
Assembly, C, C++, C#
C++, C#, Java, JavaScript
C++, Java, Ruby, SQL
C++, C#, Go, JavaScript
C++, C#, Java, JavaScript
CoffeeScript, Haskell, JavaScript, PHP
C++, Dart, Go, JavaScript
C++, C#, Java, JavaScript
C#, Go, Python, Swift
JavaScript, PHP, Python, Ruby
Go, Java, Python, Rust
Go, JavaScript, Python, TypeScript
C, Java, JavaScript, PHP
C#, Java, JavaScript, Python
Java, JavaScript, Python, Swift
C#, Haskell, Java, Objective-C
C++, Clojure, Haskell, JavaScript
Go, Java, Matlab, Swift
C#, Java, JavaScript, Julia
Java, JavaScript, PHP, Python
C++, Dart, Java, Ruby
Assembly, C, C++, C#
C++, Objective-C, Ruby, Rust
Clojure, Go, Java, TypeScript
C, Common Lisp, Perl, Python
C++, C#, Java, Python
Common Lisp, Haskell, Matlab, R
Assembly, C, C++, C#
C++, C#, Java, JavaScript
C#, JavaScript, PHP, Python
Assembly, C, C++, CoffeeScript
C, Java, JavaScript, PHP
Hack, Python, Ruby, Swift
C, C#, Java, PHP
C#, Java, JavaScript, PHP
C#, Java, Python, SQL
C, C++, JavaScript, Lua
C#, Java, JavaScript, Python
C#, Python, R, VB.NET
C#, Haskell, Java, JavaScript
Java, PHP, Python, TypeScript
Java, JavaScript, Python, SQL
C, C++, JavaScript, Matlab
Assembly, C, CoffeeScript, Groovy
JavaScript, PHP, Python, SQL
C++, Go, Groovy, Java
C++, C#, Java, JavaScript
Java, JavaScript, Perl, Python
JavaScript, PHP, Python, R
Go, JavaScript, Python, Ruby
C++, CoffeeScript, Java, JavaScript
C++, C#, Java, Matlab
Dart, Elixir, Go, Python
C#, Java, JavaScript, Swift
JavaScript, PHP, Python, Ruby
C++, Java, JavaScript, PHP
C++, C#, Python, R
Go, Python, Scala, SQL
C++, C#, JavaScript, Python
Java, JavaScript, Python, SQL
Assembly, C, C++, Erlang
C, C++, Go, Java
Java, JavaScript, Python, Scala
Assembly, C, C++, Java
C, Java, Python, Ruby
Assembly, C, C++, Go
Assembly, C, C++, Objective-C
Groovy, Hack, JavaScript, PHP
Assembly, C, C++, Java
CoffeeScript, Java, JavaScript, Lua
Java, JavaScript, PHP, Python
Assembly, C, C++, C#
Julia, Python, R, SQL
C, C++, JavaScript, Objective-C
Assembly, C, C++, Go
Assembly, C, C++, Java
Go, Groovy, Java, PHP
C, C++, Java, R
C, C++, Go, Python
Assembly, C++, C#, Go
Assembly, C, C++, F#
C++, Go, Groovy, Java
C, C++, SQL, Swift
Groovy, Java, JavaScript, Swift
C, JavaScript, Objective-C, PHP
C#, JavaScript, PHP, SQL
Assembly, C, C++, C#
Assembly, Go, JavaScript, Rust
JavaScript, PHP, SQL, VB.NET
C#, Go, Hack, JavaScript
Assembly, C, JavaScript, Python
C, C++, Java, PHP
Assembly, C, C++, C#
C, C++, Java, JavaScript
Assembly, C#, CoffeeScript, Common Lisp
C++, Go, JavaScript, Python
Dart, Haskell, Python, Rust
C++, Java, JavaScript, Python
C, C++, CoffeeScript, Go
C++, C#, JavaScript, Python
C++, C#, Java, Matlab
Assembly, C++, Go, Python
C++, C#, JavaScript, SQL
C++, Java, JavaScript, PHP
Assembly, C, C++, C#
C, Julia, Lua, Python
Assembly, C, C++, C#
C++, C#, Java, JavaScript
C#, F#, Java, JavaScript
Assembly, C, JavaScript, PHP
Assembly, C#, Hack, Java
C, C++, Java, JavaScript
Common Lisp, Elixir, Haskell, JavaScript
Java, JavaScript, PHP, Ruby
C, C++, C#, Go
Go, Haskell, JavaScript, Python
Objective-C, PHP, Ruby, SQL
Assembly, C++, Common Lisp, Clojure
JavaScript, Matlab, Python, SQL
Java, JavaScript, Python, Rust
Assembly, C, C++, C#
C, Go, JavaScript, Rust
Elixir, Erlang, F#, Go
C#, JavaScript, Python, TypeScript
JavaScript, Lua, Python, SQL
C, C++, Go, JavaScript
Assembly, C, C++, Go
Java, PHP, Python, SQL
C, Go, JavaScript, Python
C++, C#, JavaScript, PHP
C++, Java, JavaScript, Python
Go, JavaScript, PHP, Python
C, C++, Java, JavaScript
Assembly, C, C#, Python
C#, JavaScript, SQL, TypeScript
Java, JavaScript, PHP, VB.NET
C#, Java, JavaScript, SQL
C++, C#, JavaScript, PHP
Go, Haskell, PHP, Swift
Go, Java, Python, Ruby
Java, JavaScript, PHP, Python
JavaScript, PHP, Python, SQL
Assembly, C, C++, C#
Assembly, C, C++, C#
Assembly, C++, C#, Common Lisp
C++, CoffeeScript, Java, JavaScript
Assembly, C, Python, R
C++, Java, JavaScript, PHP
Java, JavaScript, Python, Rust
C++, C#, Java, Julia
C, C++, C#, Java
C++, C#, Elixir, Java
Assembly, C, Elixir, Java
Assembly, C, Common Lisp, Haskell
C++, C#, F#, Go
C, C++, Go, Haskell
Clojure, Erlang, F#, Haskell
C, C++, Java, PHP
C#, Groovy, Java, JavaScript
C++, C#, CoffeeScript, Objective-C
C#, Java, JavaScript, PHP
C, C++, C#, Clojure
C#, Java, JavaScript, PHP
Go, JavaScript, Julia, Python
Assembly, C, C++, Go
C, Java, JavaScript, SQL
Clojure, Haskell, Java, Rust
C++, C#, JavaScript, PHP
Assembly, C, C++, Java
C, Java, JavaScript, PHP
C++, Java, JavaScript, Lua
Assembly, C, C++, C#
JavaScript, PHP, Ruby, SQL
C, C++, Java, JavaScript
JavaScript, PHP, Python, R
Java, JavaScript, Scala, SQL
C#, PHP, SQL, VBA
C++, C#, PHP, SQL
C, C++, Java, JavaScript
Assembly, C, C++, C#
C++, C#, Java, JavaScript
C#, JavaScript, PHP, Python
C, Go, JavaScript, PHP
Elixir, Go, JavaScript, Python
C, C++, Common Lisp, Clojure
Haskell, Java, JavaScript, SQL
Assembly, C, C++, C#
C, C++, C#, CoffeeScript
C++, C#, Go, Haskell
C, C++, Java, Python
C, C++, Java, Objective-C
JavaScript, PHP, Scala, SQL
C#, Java, JavaScript, PHP
C++, Java, Matlab, Python
C, Java, JavaScript, PHP
C, C++, C#, Java
C, C++, Ruby, SQL
Assembly, C, C++, Go
Common Lisp, Erlang, Haskell, PHP
Haskell, Java, Rust, SQL
Assembly, C, C++, C#
Assembly, C, C#, SQL
Assembly, C, Haskell, Perl
Assembly, C, C++, C#
C, C++, C#, Java
C++, C#, F#, Go
C++, C#, JavaScript, PHP
Go, Haskell, Java, JavaScript
Assembly, C, Go, Python
C++, C#, Perl, PHP
C++, Java, JavaScript, Scala
Assembly, C, Java, Perl
Hack, Objective-C, Python, Rust
C++, Java, JavaScript, Python
Clojure, Elixir, Haskell, Java
C#, F#, JavaScript, PHP
C#, F#, Java, JavaScript
C++, C#, Java, JavaScript
C++, JavaScript, PHP, Ruby
C#, Java, JavaScript, PHP
Java, JavaScript, Objective-C, Python
C++, JavaScript, SQL, Swift
JavaScript, R, Ruby, Swift
C, C++, C#, Java
C++, C#, Matlab, Python
C, C++, PHP, Python
Java, JavaScript, Python, Ruby
Assembly, C, C++, C#
Assembly, Java, JavaScript, Python
C++, C#, Java, JavaScript
C#, Objective-C, Perl, Python
C, C++, C#, Java
C++, C#, Haskell, Julia
C++, Java, Python, SQL
Assembly, C#, CoffeeScript, Common Lisp
C, C++, Clojure, Go
C, C#, Java, Python
Java, JavaScript, Perl, Ruby
C++, Go, JavaScript, Python
C++, Java, JavaScript, Python
C++, C#, SQL, Swift
C#, JavaScript, PHP, Python
CoffeeScript, Java, JavaScript, Lua
C++, C#, JavaScript, PHP
C, C++, C#, Go
C++, JavaScript, Python, SQL
C++, Haskell, JavaScript, Ruby
C, C++, JavaScript, Matlab
C++, Haskell, Java, Objective-C
Assembly, C, C++, Go
C++, Matlab, Python, R
C++, Java, JavaScript, Python
C, C++, C#, Java
CoffeeScript, Go, Java, Python
C++, Dart, JavaScript, PHP
C#, Perl, PHP, Ruby
C, C++, C#, Haskell
Dart, Go, Java, JavaScript
Assembly, C, Go, Java
C++, Go, Haskell, Matlab
C++, Dart, Java, JavaScript
C++, Haskell, Java, JavaScript
C, C++, Haskell, Rust
C, JavaScript, Matlab, Python
Assembly, C, C#, Go
C, C#, PHP, Ruby
C, JavaScript, Objective-C, Python
C++, Java, JavaScript, Python
C, C++, Clojure, Go
Assembly, C, C++, Haskell
C++, Java, Python, SQL
C++, C#, Hack, JavaScript
Java, JavaScript, Python, R
Go, Java, JavaScript, PHP
C#, Java, JavaScript, Python
Assembly, C++, C#, Java
PHP, Python, R, Swift
Java, JavaScript, PHP, TypeScript
Assembly, C, C++, C#
C, C++, Java, Objective-C
C, C++, C#, Go
Go, JavaScript, Objective-C, Perl
Haskell, Java, JavaScript, Scala
Assembly, Common Lisp, Haskell, Python
C, C++, Java, JavaScript
C, C++, C#, Java
Java, Matlab, PHP, Python
C++, Erlang, JavaScript, Scala
Matlab, Objective-C, Perl, Python
CoffeeScript, Java, JavaScript, PHP
Java, JavaScript, Swift, TypeScript
C, C++, C#, PHP
C++, JavaScript, PHP, SQL
C++, Go, PHP, Python
C++, Java, JavaScript, Objective-C
C, C++, Java, JavaScript
Elixir, Java, JavaScript, PHP
C++, Java, Python, Scala
C++, Java, Perl, PHP
C#, Java, JavaScript, PHP
Assembly, C, C++, C#
C, C++, C#, Java
Assembly, C, C++, C#
C++, JavaScript, Matlab, Python
C#, Java, JavaScript, PHP
Java, JavaScript, PHP, SQL
Assembly, C, C++, Java
JavaScript, Perl, PHP, R
C, C++, C#, Java
C, C++, JavaScript, Lua
C#, Java, JavaScript, Python
C, C++, C#, Go
C++, Java, JavaScript, PHP
Java, Python, SQL, Swift
Assembly, C, C++, Dart
Assembly, C, C++, Java
C, C++, C#, Java
C++, Go, Java, Python
C, C++, C#, Go
C#, Java, JavaScript, PHP
C, C++, Julia, Matlab
C, C++, C#, Java
C++, Java, Matlab, PHP
Clojure, Go, Groovy, Java
Assembly, C, C++, PHP
C++, PHP, Python, SQL
C++, C#, Go, Haskell
Assembly, C, C++, Dart
C++, C#, JavaScript, Python
Assembly, C, C++, Haskell
C++, C#, Java, JavaScript
JavaScript, PHP, Python, Swift
C, C++, Java, JavaScript
C++, C#, JavaScript, PHP
C, C++, C#, Erlang
C, C++, Elixir, Go
C#, Java, JavaScript, PHP
C++, Java, JavaScript, Python
Assembly, C, C++, CoffeeScript
C++, Java, JavaScript, SQL
C++, C#, Lua, Python
C, C++, C#, Go
C#, JavaScript, SQL, TypeScript
C, C++, C#, Java
C#, Java, PHP, SQL
Assembly, C, Common Lisp, Go
Java, JavaScript, PHP, TypeScript
C#, Java, PHP, Python
C#, JavaScript, PHP, SQL
C++, C#, Java, VBA
JavaScript, Lua, PHP, Python
JavaScript, Objective-C, SQL, Swift
Assembly, C, C++, C#
C++, C#, Go, Java
Matlab, PHP, Python, SQL
C#, Go, R, SQL
C#, Java, Julia, Python
C++, Java, Objective-C, Swift
Assembly, C, C++, Python
C, Java, JavaScript, PHP
C, C++, C#, Java
C, C++, C#, Java
Go, Java, JavaScript, SQL
CoffeeScript, Dart, Go, Java
C, C++, Clojure, Haskell
C#, JavaScript, Perl, PHP
C#, Objective-C, Ruby, Swift
C++, Java, JavaScript, PHP
C, C++, C#, CoffeeScript
C#, CoffeeScript, Go, Hack
C++, Java, JavaScript, PHP
C++, C#, CoffeeScript, F#
C, C++, C#, Go
Assembly, C#, Go, Haskell
C++, Go, Java, JavaScript
C, C++, C#, Java
C++, C#, JavaScript, PHP
C++, Go, Java, JavaScript
Java, Python, Ruby, SQL
C, Common Lisp, Haskell, Python
C#, CoffeeScript, F#, Go
Clojure, Dart, Hack, Ruby
C, C++, JavaScript, PHP
C, CoffeeScript, Go, Matlab
Go, JavaScript, Python, Ruby
C++, Go, Haskell, Java
C#, Java, JavaScript, Lua
JavaScript, Python, Scala, SQL
JavaScript, R, Ruby, Swift
Assembly, C, C++, Go
C#, Go, Java, JavaScript
C, C++, C#, Hack
C++, Java, Perl, Python
C++, Java, JavaScript, Python
CoffeeScript, Clojure, Elixir, Scala
Haskell, JavaScript, Python, SQL
C++, C#, Matlab, Python
C#, JavaScript, PHP, Ruby
C, C++, Dart, Perl
C++, Go, Julia, Matlab
C, C++, Go, Java
C++, Go, Java, JavaScript
C++, C#, Java, JavaScript
Java, JavaScript, Matlab, PHP
C, C++, C#, Java
C, C++, Java, Lua
C, C++, Java, JavaScript
C, C++, Java, JavaScript
C++, C#, Go, JavaScript
C, C++, C#, PHP
C++, CoffeeScript, Java, Matlab
C#, Go, Java, JavaScript
C++, C#, Python, SQL
C++, Dart, Go, Java
Assembly, C++, C#, JavaScript
C, C++, PHP, Ruby
Assembly, C++, Groovy, Java
C++, C#, PHP, Python
JavaScript, PHP, Python, Ruby
C#, Go, Java, Lua
C, C++, Perl, Python
C++, C#, Java, JavaScript
C, C++, C#, Java
CoffeeScript, Haskell, PHP, Python
C, C++, R, Rust
C++, C#, Java, Julia
C++, Groovy, Java, JavaScript
C, C++, JavaScript, Python
Assembly, C, Java, Python
C++, C#, Python, SQL
C++, C#, Java, JavaScript
C, C++, Java, Python
C, Matlab, Python, Ruby
Assembly, C++, Go, Swift
C++, CoffeeScript, Common Lisp, Clojure
JavaScript, PHP, Ruby, SQL
Assembly, C++, C#, Go
C++, Java, JavaScript, Python
C, Go, JavaScript, Python
C#, JavaScript, Scala, TypeScript
C, C++, C#, JavaScript
Java, Matlab, Perl, Python
Assembly, C++, C#, Java
Java, JavaScript, Python, Scala
C++, C#, Python, Ruby
C++, Java, JavaScript, PHP
C#, Java, JavaScript, Lua
Java, JavaScript, PHP, Python
C#, Go, Java, Scala
C, Go, Java, JavaScript
PHP, R, Ruby, Swift
C, Java, JavaScript, PHP
C++, C#, Java, Lua
C++, C#, Java, JavaScript
Assembly, C, C++, SQL
C++, JavaScript, PHP, SQL
Assembly, C, Java, PHP
C++, JavaScript, PHP, Python
C, C++, JavaScript, PHP
C#, Go, JavaScript, PHP
CoffeeScript, Java, JavaScript, TypeScript
CoffeeScript, Java, Perl, Ruby
Assembly, C, C++, Ruby
C, Go, JavaScript, PHP
C#, Hack, Java, Perl
C++, C#, Go, Java
C++, Elixir, Erlang, Go
Java, JavaScript, PHP, Python
C++, C#, F#, JavaScript
C++, C#, JavaScript, Python
C, C++, C#, Java
C, C++, Python, Swift
C++, C#, Go, Python
C++, Matlab, Python, R
C++, Go, JavaScript, Python
C++, Java, JavaScript, Python
C, C++, Java, JavaScript
Elixir, Java, JavaScript, Python
Java, JavaScript, Python, SQL
Assembly, C++, Haskell, Python
Assembly, C, C++, Java
Java, Python, R, SQL
C, C++, Java, JavaScript
C#, Java, JavaScript, PHP
Assembly, Erlang, Go, Perl
C++, CoffeeScript, Go, Java
Clojure, Elixir, Haskell, Java
C, C++, C#, JavaScript
C++, Java, JavaScript, PHP
Dart, Java, JavaScript, Swift
C++, F#, Groovy, Objective-C
C, C++, Go, JavaScript
CoffeeScript, Common Lisp, Clojure, Dart
JavaScript, PHP, SQL, Swift
C, Java, JavaScript, Perl
Assembly, C, C++, C#
C, C++, Java, Python
Java, JavaScript, Matlab, R
C, C++, Java, R
Assembly, C, C++, Java
C, C++, Java, Python
C, C++, Java, JavaScript
C++, C#, Common Lisp, F#
C++, C#, Common Lisp, F#
C, C#, Java, JavaScript
Java, JavaScript, PHP, Python
C++, Java, JavaScript, Ruby
C, C++, Java, PHP
Assembly, C, C++, C#
Haskell, Java, JavaScript, Python
C, Java, JavaScript, R
C++, JavaScript, PHP, SQL
C++, C#, Java, Python
Assembly, C, C++, Go
C, Common Lisp, Go, Haskell
C#, Java, Objective-C, Python
Java, JavaScript, PHP, Python
Assembly, PHP, Rust, SQL
Go, JavaScript, PHP, Python
C++, Java, JavaScript, Lua
Go, Python, Rust, Swift
Java, JavaScript, Lua, PHP
C++, JavaScript, Python, Ruby
C#, JavaScript, Lua, PHP
Assembly, C#, Go, Java
Java, Python, R, SQL
C, C++, CoffeeScript, Clojure
C#, Java, JavaScript, Python
C, Java, JavaScript, Python
C#, Java, JavaScript, PHP
Java, Python, Ruby, Scala
Assembly, C, C++, C#
C, C++, JavaScript, Python
C++, Java, PHP, Python
C++, Java, JavaScript, Python
C#, Java, JavaScript, TypeScript
C++, C#, JavaScript, Python
C, Java, Objective-C, PHP
Assembly, C, C++, Java
C#, F#, Go, Haskell
Go, Java, JavaScript, Lua
C, C++, Java, SQL
CoffeeScript, Clojure, JavaScript, Python
Java, JavaScript, Python, Swift
C, C++, Go, Java
C++, PHP, SQL, Swift
C#, Go, Objective-C, Swift
C#, F#, Java, JavaScript
Assembly, C, C++, C#
Java, JavaScript, PHP, Python
C, C#, JavaScript, Objective-C
C, C++, C#, Java
Java, JavaScript, Python, Ruby
Assembly, C, C++, Haskell
C#, Java, JavaScript, PHP
C#, Java, PHP, SQL
Java, PHP, Ruby, SQL
C++, C#, Java, JavaScript
F#, JavaScript, R, SQL
Assembly, C, C++, C#
C++, C#, CoffeeScript, Elixir
C, C++, Java, JavaScript
Java, Python, Scala, SQL
Assembly, C++, Go, Java
C, C++, C#, Go
Assembly, C, C++, C#
C, C#, Java, PHP
C, Java, JavaScript, Python
C, Java, JavaScript, VB.NET
C, C++, Java, SQL
Java, JavaScript, Swift, TypeScript
Elixir, F#, JavaScript, Python
C, C++, CoffeeScript, JavaScript
C++, Java, Ruby, SQL
C, C#, JavaScript, TypeScript
C++, C#, Java, PHP
Assembly, C++, F#, Go
C, C++, JavaScript, PHP
Common Lisp, Clojure, Elixir, Erlang
C++, Java, JavaScript, Python
C, Common Lisp, Haskell, JavaScript
Dart, Java, Python, Ruby
Assembly, Haskell, Java, JavaScript
CoffeeScript, Elixir, JavaScript, PHP
C, JavaScript, PHP, Python
Java, PHP, Python, SQL
C++, Java, JavaScript, Lua
C#, Common Lisp, Java, JavaScript
Assembly, C, C++, C#
C++, JavaScript, Ruby, SQL
C, C++, C#, Java
JavaScript, Matlab, PHP, Python
C#, JavaScript, PHP, Python
C++, C#, Java, Python
Assembly, C, C++, C#
C++, C#, Go, Java
Assembly, Go, Java, JavaScript
Assembly, C, C++, C#
C#, Java, JavaScript, PHP
C, C++, Java, Python
C++, Java, JavaScript, PHP
C, Java, JavaScript, Matlab
C++, Java, JavaScript, PHP
C#, Perl, Python, SQL
C#, Clojure, Java, JavaScript
Java, JavaScript, Python, Ruby
C, C++, Go, Java
Java, JavaScript, Matlab, Python
Assembly, C, C++, C#
C++, Java, JavaScript, PHP
C++, C#, Python, R
C++, C#, JavaScript, PHP
C, Java, JavaScript, R
C#, Ruby, Swift, TypeScript
C, C++, Java, Python
C++, C#, Go, Java
Assembly, C, C#, JavaScript
Assembly, C++, C#, Objective-C
Assembly, C, C++, Erlang
C, C++, Go, Java
CoffeeScript, Java, JavaScript, PHP
C, C#, VB.NET, Visual Basic 6
Assembly, C++, Go, Java
C, Go, Haskell, Java
Dart, Go, Hack, Haskell
Assembly, C, C#, JavaScript
JavaScript, PHP, SQL, Swift
Dart, Elixir, Go, Python
Assembly, C, C++, Common Lisp
Assembly, C, C++, Swift
C++, C#, Java, JavaScript
Assembly, C, C++, C#
CoffeeScript, Common Lisp, Clojure, Dart
C#, JavaScript, Lua, SQL
Java, JavaScript, Python, R
C++, C#, Java, JavaScript
C, C++, C#, Haskell
C++, C#, Hack, Java
C, C#, Java, PHP
CoffeeScript, Groovy, Java, JavaScript
Java, Objective-C, PHP, Python
C++, JavaScript, Lua, SQL
Assembly, C, C++, Go
C#, Java, Python, Swift
C++, C#, Lua, Python
C#, JavaScript, Lua, Ruby
C++, Java, JavaScript, Lua
CoffeeScript, Elixir, Go, Hack
C, C++, C#, CoffeeScript
C, C++, C#, JavaScript
C#, Java, JavaScript, SQL
C, C++, C#, Java
Go, Ruby, Swift, TypeScript
C#, Java, JavaScript, Python
Elixir, Go, JavaScript, Python
C, C++, C#, Go
C, C++, C#, JavaScript
Assembly, C++, C#, Lua
C#, F#, JavaScript, SQL
C, C#, Ruby, Swift
C#, Java, Ruby, SQL
C, C++, C#, Java
C++, Java, JavaScript, Lua
C, C++, C#, Objective-C
Go, Haskell, Java, JavaScript
Java, PHP, Python, Swift
C#, JavaScript, Python, SQL
Assembly, C++, Java, JavaScript
C++, Go, Java, Python
C#, Java, JavaScript, PHP
C#, CoffeeScript, Java, Python
C, C++, Haskell, Java
Haskell, Java, Lua, Python
C++, Java, JavaScript, PHP
C#, Go, Java, JavaScript
C++, Java, JavaScript, Python
Assembly, C, C++, Python
Java, JavaScript, PHP, Python
C++, C#, Java, JavaScript
Assembly, C++, Haskell, Java
C++, Haskell, Java, JavaScript
C#, Java, JavaScript, Python
Common Lisp, Java, JavaScript, Objective-C
C++, C#, JavaScript, SQL
C, C#, JavaScript, Python
Elixir, Erlang, Haskell, JavaScript
C++, Java, JavaScript, Python
C, JavaScript, PHP, SQL
Assembly, C, C++, Go
Assembly, C, C++, C#
Assembly, C, Common Lisp, Erlang
C, C++, C#, Java
C++, C#, Java, PHP
C, C++, JavaScript, PHP
C#, Go, Java, JavaScript
C, Lua, Python, Rust
Go, PHP, Ruby, SQL
C, Java, JavaScript, Python
Assembly, C, Go, Java
C++, C#, Go, Java
Elixir, Haskell, Rust, Swift
Assembly, C, C#, Go
C, C++, C#, Java
C#, JavaScript, Perl, Swift
Assembly, C, C++, Python
Assembly, C, Go, Groovy
C#, F#, Haskell, PHP
C#, Java, JavaScript, SQL
Java, Matlab, PHP, Python
CoffeeScript, JavaScript, PHP, Ruby
C, C++, Java, JavaScript
Java, JavaScript, PHP, SQL
JavaScript, PHP, Python, SQL
C, C++, C#, JavaScript
C#, F#, Go, Groovy
JavaScript, Python, SQL, Swift
C++, C#, Dart, Go
C++, Java, JavaScript, Python
C, Java, Matlab, Python
Haskell, JavaScript, Python, Swift
Assembly, C, C++, C#
Assembly, Java, JavaScript, Objective-C
Python, R, Ruby, SQL
C#, JavaScript, R, Ruby
Assembly, Python, Ruby, SQL
Common Lisp, Haskell, Ruby, Smalltalk
Assembly, C, C++, C#
CoffeeScript, Python, R, Ruby
C++, PHP, Python, R
C++, C#, Haskell, Java
CoffeeScript, F#, Ruby, Rust
Assembly, C++, JavaScript, Python
C++, C#, CoffeeScript, Java
C++, Java, JavaScript, Objective-C
C, Java, JavaScript, PHP
C#, Java, JavaScript, Matlab
CoffeeScript, Common Lisp, Clojure, Dart
CoffeeScript, JavaScript, Python, Ruby
C#, JavaScript, PHP, Python
C, C++, C#, Java
C, C++, SQL, Swift
Assembly, C, C++, C#
Groovy, Java, Rust, SQL
CoffeeScript, Java, JavaScript, PHP
C, C++, Java, JavaScript
Assembly, C++, Java, Python
C, C++, Hack, Java
Assembly, CoffeeScript, Clojure, Swift
C#, F#, Go, Haskell
C#, Go, Java, JavaScript
C, C++, JavaScript, Python
Java, JavaScript, PHP, SQL
C#, Java, JavaScript, PHP
Java, PHP, Python, SQL
C#, Java, PHP, TypeScript
C#, JavaScript, PHP, SQL
Go, JavaScript, Matlab, Ruby
Java, JavaScript, Python, Ruby
C, C++, C#, JavaScript
C, C++, C#, Java
C#, Java, JavaScript, PHP
C++, C#, Java, JavaScript
JavaScript, Lua, R, SQL
C, C++, Java, Python
Assembly, C, C++, C#
Assembly, C, C++, C#
Assembly, C, C++, Haskell
C, C++, C#, Java
C++, Matlab, PHP, Python
Assembly, C++, C#, JavaScript
C, C++, JavaScript, SQL
C#, Go, Java, SQL
Java, Matlab, Objective-C, PHP
Assembly, C, C++, C#
C++, Java, JavaScript, Objective-C
C++, C#, Java, JavaScript
Assembly, C#, Java, Python
Assembly, C#, Go, JavaScript
Java, JavaScript, Python, Ruby
C, C++, Julia, Python
C, C++, C#, JavaScript
C, Java, JavaScript, Matlab
C++, Java, JavaScript, Matlab
Assembly, C, C++, C#
JavaScript, Julia, R, SQL
Assembly, C, C++, C#
C, C++, Java, JavaScript
C, Java, JavaScript, PHP
C, C++, Go, JavaScript
C, Java, JavaScript, PHP
Java, Perl, Python, Ruby
Assembly, C, C++, C#
C++, F#, Java, Python
C, Go, Java, Python
C#, Groovy, Java, Python
Assembly, C, C++, C#
C++, C#, Java, JavaScript
Go, Java, JavaScript, Rust
C++, C#, JavaScript, SQL
C, C++, Go, Haskell
Java, JavaScript, PHP, SQL
C++, JavaScript, PHP, Python
Java, JavaScript, Objective-C, PHP
C#, CoffeeScript, Go, JavaScript
Assembly, C++, Matlab, Python
Go, Groovy, Hack, Matlab
Hack, Java, JavaScript, PHP
Java, JavaScript, PHP, SQL
C#, JavaScript, Matlab, Python
C#, JavaScript, Python, Scala
Java, JavaScript, Python, SQL
Dart, Go, PHP, Python
Java, JavaScript, PHP, Rust
C++, C#, Go, R
Assembly, C, C#, Java
C#, Java, PHP, SQL
C, C++, C#, Java
Assembly, C, C++, Common Lisp
C, Lua, PHP, Ruby
C, C++, Go, Java
C++, Haskell, Ruby, Scala
C, C++, C#, Java
C, C++, Haskell, Rust
C#, JavaScript, PHP, SQL
C++, C#, JavaScript, Python
JavaScript, Lua, Python, R
C#, PHP, Python, SQL
C#, Java, JavaScript, PHP
C#, Go, Lua, Python
C#, Go, JavaScript, PHP
C++, Java, JavaScript, Python
C++, C#, Java, JavaScript
C, C++, C#, JavaScript
Elixir, Go, Hack, Java
C++, C#, JavaScript, PHP
C, C++, C#, Java
C++, C#, F#, Go
C#, Elixir, Groovy, Java
C#, JavaScript, SQL, VB.NET
Go, Java, JavaScript, TypeScript
C#, Groovy, Java, JavaScript
C++, Haskell, JavaScript, R
PHP, Python, R, SQL
Go, Java, JavaScript, PHP
C#, F#, Go, Haskell
C, Go, JavaScript, Python
C++, C#, Go, Matlab
Assembly, C++, Java, SQL
C#, Java, JavaScript, SQL
Java, JavaScript, Objective-C, PHP
C, Erlang, Go, Java
Assembly, C, C++, Java
Assembly, C, C++, C#
CoffeeScript, Java, JavaScript, PHP
Dart, Go, Hack, Java
CoffeeScript, Java, JavaScript, PHP
Assembly, C, PHP, Python
JavaScript, PHP, Python, SQL
Assembly, C++, Java, Swift
C++, Java, JavaScript, Objective-C
C#, Haskell, JavaScript, Python
C, C++, Common Lisp, Java
C, C++, Java, JavaScript
C#, Clojure, Go, R
C++, CoffeeScript, Go, Groovy
C, JavaScript, PHP, SQL
Assembly, C#, Java, Lua
C, C++, Groovy, Haskell
C, C++, CoffeeScript, Elixir
Assembly, C, C++, JavaScript
C++, Haskell, Java, JavaScript
C, C#, JavaScript, SQL
C++, C#, Java, JavaScript
C++, Java, JavaScript, PHP
C, C++, Common Lisp, Java
C++, Go, JavaScript, PHP
C, C++, Erlang, Java
C#, F#, Haskell, PHP
Common Lisp, Erlang, Haskell, Java
C++, Java, JavaScript, VB.NET
Java, JavaScript, Scala, SQL
Assembly, F#, Go, Haskell
C, C#, Java, PHP
C++, Java, JavaScript, Python
C#, Go, Java, JavaScript
Assembly, C++, C#, JavaScript
C, C#, Dart, Go
CoffeeScript, Go, Groovy, Java
C++, C#, JavaScript, PHP
Assembly, CoffeeScript, Java, JavaScript
Assembly, C, C++, C#
C#, Haskell, Objective-C, Swift
C++, Objective-C, Python, Swift
Assembly, C, C#, Java
C, Java, Python, R
C++, Java, JavaScript, PHP
Assembly, C, CoffeeScript, Clojure
C++, C#, F#, Haskell
Assembly, C, C++, C#
Java, PHP, Python, SQL
C, C++, C#, JavaScript
C, C++, Erlang, Groovy
C++, JavaScript, Lua, Python
C, C++, Haskell, Java
C++, Java, JavaScript, PHP
C, C++, C#, Haskell
Assembly, C, C++, C#
Assembly, C++, Haskell, JavaScript
Assembly, C, C++, SQL
C, C++, Java, JavaScript
C++, C#, Go, Java
C++, Matlab, Python, Scala
C, Objective-C, Python, Swift
C++, C#, Clojure, Dart
Java, JavaScript, PHP, Python
Assembly, C#, CoffeeScript, Go
C, C++, C#, JavaScript
C, Java, JavaScript, Julia
C, C++, C#, Haskell
C, C++, C#, Go
C, Java, Python, Swift
CoffeeScript, Haskell, JavaScript, Python
Assembly, C, C++, C#
C, C++, Java, Python
Assembly, C, C++, C#
C#, Python, Swift, VB.NET
C++, C#, SQL, VB.NET
Assembly, C, C++, C#
C, C++, Java, Python
CoffeeScript, Java, JavaScript, Python
Assembly, C, Hack, Java
C, C#, Java, JavaScript
C++, CoffeeScript, Python, Swift
C, C++, Objective-C, Ruby
C#, JavaScript, PHP, Python
C++, Java, Python, Swift
C++, C#, JavaScript, Objective-C
CoffeeScript, Elixir, R, Ruby
Clojure, Java, JavaScript, PHP
JavaScript, Ruby, SQL, Swift
Java, JavaScript, PHP, Ruby
C#, JavaScript, PHP, Python
C, C++, C#, CoffeeScript
C++, C#, Java, PHP
C, C++, C#, JavaScript
C#, CoffeeScript, Java, JavaScript
C#, F#, Java, SQL
C, C++, Go, Haskell
C++, Java, JavaScript, Python
C#, JavaScript, PHP, TypeScript
C++, Java, JavaScript, Python
C, C++, Java, JavaScript
Go, JavaScript, Objective-C, Python
C++, C#, Java, JavaScript
C++, Hack, Java, PHP
C++, Java, JavaScript, Matlab
JavaScript, Rust, Scala, Swift
C++, Go, JavaScript, Python
C++, Java, JavaScript, Python
JavaScript, PHP, Python, SQL
Java, JavaScript, Objective-C, Swift
C#, JavaScript, PHP, SQL
C++, Common Lisp, Clojure, Dart
C++, JavaScript, PHP, Python
C++, C#, Java, JavaScript
C++, C#, Java, JavaScript
C++, C#, PHP, SQL
Assembly, C, Go, Java
Assembly, C, C++, Go
C, C++, Go, Java
Assembly, C++, Java, JavaScript
Assembly, C, C++, C#
Assembly, C, C++, Haskell
Assembly, C, C++, C#
Assembly, C, Java, Python
C++, C#, Java, PHP
C++, Common Lisp, Go, Haskell
C, C++, C#, Java
Assembly, C, C#, Java
C, C++, Go, JavaScript
C++, Java, JavaScript, PHP
C++, C#, JavaScript, Python
F#, Java, Ruby, Swift
C, C++, C#, Java
C++, JavaScript, R, SQL
C++, Java, JavaScript, Python
C, C++, C#, Java
C, Common Lisp, Erlang, Haskell
C#, Java, JavaScript, PHP
Java, JavaScript, Lua, PHP
C, C++, C#, CoffeeScript
C, C++, Clojure, Haskell
C++, Java, JavaScript, Ruby
Go, JavaScript, Python, Scala
C, JavaScript, Python, R
Haskell, Python, Swift, TypeScript
C++, C#, Java, JavaScript
C++, Java, Matlab, Python
C++, Go, Haskell, Java
C++, C#, Java, JavaScript
CoffeeScript, Clojure, JavaScript, Ruby
C++, C#, Java, JavaScript
C++, Haskell, JavaScript, Perl
C++, Haskell, Python, Rust
C#, JavaScript, Python, SQL
Go, Scala, SQL, TypeScript
C, Java, PHP, Python
Hack, Java, JavaScript, Objective-C
C, C++, C#, Java
C#, F#, Python, SQL
C, C++, Java, JavaScript
Haskell, Java, JavaScript, Python
Java, JavaScript, Python, Ruby
C, C++, Java, JavaScript
Assembly, C, C++, C#
C, CoffeeScript, Go, Python
C++, Common Lisp, Haskell, Scala
C, C#, F#, PHP
Assembly, C, Haskell, JavaScript
C, C++, C#, Java
Assembly, C, Clojure, Haskell
Assembly, C, C++, Python
Assembly, Go, Haskell, Python
Assembly, C, C++, C#
C#, JavaScript, SQL, Visual Basic 6
JavaScript, PHP, Python, TypeScript
Assembly, C++, SQL, Swift
C#, Java, JavaScript, PHP
C++, C#, Rust, SQL
Assembly, C, Go, Haskell
C, C++, C#, Java
Assembly, C, C++, Java
Dart, Go, Ruby, Rust
C++, C#, Ruby, SQL
C, C++, C#, Haskell
C++, C#, Haskell, JavaScript
Assembly, C++, Go, Rust
Java, JavaScript, Python, SQL
C++, Java, Matlab, R
CoffeeScript, Go, JavaScript, Ruby
Assembly, C, C++, C#
Clojure, Elixir, Haskell, Rust
C, C++, Java, JavaScript
Assembly, C, C++, Elixir
C, C++, JavaScript, PHP
Haskell, JavaScript, PHP, Python
JavaScript, PHP, Ruby, SQL
C++, C#, JavaScript, Lua
C, C++, Go, Python
C, C++, C#, JavaScript
C, C++, JavaScript, Python
C++, C#, Java, JavaScript
JavaScript, PHP, Python, SQL
Assembly, C, C++, C#
C++, Java, Python, Swift
Go, Java, Lua, Python
Assembly, C, C++, C#
Go, Java, Lua, R
C++, JavaScript, Matlab, Python
C, C++, C#, Go
C#, Go, Haskell, Java
Assembly, C, C++, C#
C#, Java, JavaScript, PHP
C++, Java, JavaScript, R
C++, Clojure, Objective-C, Perl
F#, JavaScript, Python, Scala
C++, C#, Python, TypeScript
Java, JavaScript, PHP, Python
C++, JavaScript, Objective-C, Python
Java, JavaScript, Python, SQL
Assembly, C, C++, C#
C++, Go, Haskell, Java
C, C++, Java, Python
C#, Java, JavaScript, PHP
C, C#, Java, Lua
C++, CoffeeScript, Java, JavaScript
Assembly, Groovy, Haskell, Java
C++, Java, Python, SQL
Assembly, C#, Python, SQL
C++, JavaScript, Python, SQL
Assembly, CoffeeScript, Haskell, Rust
Assembly, C, C++, C#
C, C++, Java, JavaScript
C++, Java, JavaScript, Python
C++, JavaScript, Lua, Objective-C
C, C++, C#, JavaScript
Assembly, C, C#, JavaScript
Assembly, C++, Python, VB.NET
C++, C#, Go, Java
JavaScript, PHP, Python, SQL
C++, Java, Python, SQL
Assembly, Haskell, Rust, Scala
Assembly, Common Lisp, Go, Perl
C, C++, C#, Dart
C, C++, Java, JavaScript
Assembly, C, C++, C#
C, C++, Java, JavaScript
Assembly, C, Common Lisp, Haskell
C, Haskell, JavaScript, Julia
C#, Java, JavaScript, PHP
C++, Erlang, F#, Python
JavaScript, Python, SQL, TypeScript
C++, Go, Haskell, Python
JavaScript, PHP, Python, SQL
C#, Java, JavaScript, SQL
CoffeeScript, JavaScript, Ruby, SQL
Assembly, C++, C#, CoffeeScript
C, C++, C#, Python
CoffeeScript, JavaScript, Lua, Python
Assembly, Java, JavaScript, Matlab
JavaScript, Matlab, PHP, Python
Java, JavaScript, SQL, TypeScript
C#, F#, Python, Rust
Assembly, C, C++, C#
C, C++, Common Lisp, Go
C, C++, C#, Java
C, C++, Dart, Elixir
C, C++, C#, Java
Go, JavaScript, Python, TypeScript
C, C++, Dart, Elixir
C++, C#, Java, Python
JavaScript, Python, Scala, TypeScript
C++, JavaScript, Python, SQL
JavaScript, Python, R, Scala
C, C++, Java, JavaScript
Assembly, C, Python, Scala
C#, Java, JavaScript, PHP
C, C++, Java, Matlab
C++, Java, JavaScript, TypeScript
C, C++, C#, Java
Assembly, C#, CoffeeScript, Common Lisp
C, C++, Java, Matlab
C, Haskell, Java, JavaScript
Java, JavaScript, Matlab, PHP
Assembly, C, C++, C#
Go, Python, Ruby, TypeScript
Assembly, C, C++, CoffeeScript
C++, Java, JavaScript, Objective-C
C++, Java, JavaScript, PHP
C++, Java, JavaScript, PHP
C++, Java, JavaScript, PHP
JavaScript, PHP, Python, SQL
C++, CoffeeScript, JavaScript, Python
C, C++, C#, Go
C++, C#, Java, Lua
C++, C#, Go, JavaScript
PHP, Python, Ruby, SQL
C, C++, Java, Matlab
CoffeeScript, Java, JavaScript, Python
C, Java, JavaScript, Matlab
Go, JavaScript, Perl, R
Java, JavaScript, PHP, SQL
C, C++, Common Lisp, F#
JavaScript, Objective-C, Perl, PHP
C++, C#, Java, JavaScript
C, C++, Python, Ruby
Assembly, C, JavaScript, PHP
Assembly, C++, Java, Lua
C++, Java, Matlab, PHP
Go, Java, JavaScript, PHP
Assembly, C, C++, C#
C#, Java, Python, SQL
Assembly, C++, C#, Hack
C#, Java, JavaScript, Python
C, C++, Java, JavaScript
Assembly, Clojure, Go, Python
C++, Java, JavaScript, PHP
C, C++, Java, PHP
C, C++, C#, Java
Java, JavaScript, Python, Swift
C, F#, Go, Matlab
Objective-C, Perl, Ruby, Swift
C, C++, C#, Go
Go, Python, R, Swift
F#, Hack, Haskell, Java
Assembly, C#, Hack, Java
C, JavaScript, Python, Ruby
C, CoffeeScript, Common Lisp, Clojure
C, C++, C#, Common Lisp
JavaScript, Python, Scala, TypeScript
Assembly, C, C++, C#
C++, Common Lisp, Go, Haskell
C, C++, Java, Python
C#, Go, Java, Python
Java, JavaScript, Python, SQL
Java, JavaScript, Python, Ruby
C, C++, Perl, PHP
C, C++, C#, Java
C, C++, Go, Java
C#, Java, JavaScript, Objective-C
Assembly, C, C++, C#
C++, Erlang, Go, Groovy
C#, JavaScript, PHP, Ruby
C, C++, Python, Rust
Assembly, C++, Python, R
C, C++, C#, Java
Java, JavaScript, Python, Swift
Assembly, C, C++, Haskell
C, C++, C#, JavaScript
Elixir, Go, JavaScript, Rust
Java, JavaScript, Python, SQL
C++, Go, Haskell, Java
Common Lisp, Clojure, Elixir, Haskell
C, C++, C#, F#
Go, Java, JavaScript, Python
Assembly, C, C++, Java
Assembly, Elixir, Python, Rust
C, C++, Haskell, Java
Assembly, C++, JavaScript, Python
Assembly, C, C++, JavaScript
C, C#, Common Lisp, Go
C++, JavaScript, PHP, Python
C++, Haskell, Matlab, Python
C++, Python, Ruby, SQL
C++, C#, JavaScript, PHP
C, C++, Java, JavaScript
Assembly, C, Java, JavaScript
C, Haskell, JavaScript, Python
Java, JavaScript, PHP, SQL
Assembly, C#, Objective-C, R
C#, Haskell, JavaScript, Python
C, C#, Java, PHP
C#, Java, JavaScript, PHP
C++, C#, JavaScript, Python
C, C++, C#, Haskell
C, C++, C#, F#
C++, C#, Go, Java
C++, Go, JavaScript, Python
C#, JavaScript, PHP, Python
C, C#, JavaScript, Objective-C
C#, CoffeeScript, Elixir, Go
Assembly, C, C++, Java
C++, Haskell, Rust, Scala
Assembly, C, C#, Common Lisp
C, CoffeeScript, Clojure, Go
Java, JavaScript, PHP, Python
Assembly, C++, C#, Hack
C, JavaScript, PHP, Python
C, C++, C#, Clojure
Assembly, C, C++, C#
Clojure, Elixir, Go, Julia
C, C++, Haskell, Java
C#, JavaScript, Python, Ruby
C, C++, C#, Haskell
Go, Haskell, JavaScript, Python
Elixir, JavaScript, Python, Ruby
Assembly, C, C++, PHP
C, Go, Haskell, Scala
Go, Java, JavaScript, PHP
Java, JavaScript, PHP, Python
Go, JavaScript, Python, Swift
C#, Java, JavaScript, Matlab
Assembly, C++, JavaScript, Python
Java, JavaScript, PHP, SQL
C++, Java, JavaScript, Python
Java, JavaScript, PHP, SQL
C#, Dart, Go, Java
CoffeeScript, Clojure, JavaScript, Ruby
C, Java, JavaScript, Swift
Java, JavaScript, Python, SQL
C++, Java, Matlab, Python
Common Lisp, Clojure, Erlang, F#
Assembly, C, Java, Python
Common Lisp, Elixir, Erlang, Go
Assembly, C, C++, CoffeeScript
C, C++, C#, Java
C#, JavaScript, PHP, Python
C++, C#, Lua, Python
C#, F#, Java, Swift
Java, Python, SQL, Swift
C, C++, Go, Haskell
C++, Go, Java, JavaScript
C++, Python, Ruby, TypeScript
Assembly, C++, Java, JavaScript
C#, Java, JavaScript, PHP
CoffeeScript, Clojure, Go, Java
Java, JavaScript, Python, SQL
Java, JavaScript, Python, Swift
C, C++, Go, SQL
C++, Scala, SQL, Swift
C, C++, Java, Python
CoffeeScript, JavaScript, PHP, Python
C, C++, C#, JavaScript
Assembly, C, C++, C#
C, C++, Go, SQL
F#, Java, Python, R
C, C++, C#, Haskell
C, Go, JavaScript, Objective-C
C++, C#, Hack, PHP
JavaScript, Objective-C, Python, VB.NET
Assembly, C, C++, SQL
C, C++, C#, Java
Clojure, Groovy, Java, JavaScript
C, Go, JavaScript, Matlab
Go, Java, JavaScript, Matlab
C, C++, C#, JavaScript
Assembly, C, C++, Dart
C#, JavaScript, PHP, Python
C, Java, Matlab, PHP
Java, Lua, Python, VBA
C, JavaScript, Objective-C, PHP
Assembly, C, C++, C#
Assembly, C, C++, Haskell
C++, Java, Python, R
C#, Groovy, Java, Swift
C, Java, Python, TypeScript
C, C#, Java, JavaScript
C#, Java, JavaScript, PHP
Clojure, Go, JavaScript, Ruby
C, C++, C#, Java
Java, JavaScript, Python, Ruby
C, C++, Java, JavaScript
C++, Java, Matlab, Python
C, C++, Java, Python
C, C++, JavaScript, PHP
Assembly, C, C++, C#
Assembly, C, C++, Python
C++, Go, Java, Python
C, C++, C#, Clojure
C, CoffeeScript, JavaScript, Python
C, C++, C#, Java
Assembly, C, C++, Clojure
C, C++, F#, Python
Assembly, C++, C#, Java
C, C++, Haskell, JavaScript
Go, Haskell, Rust, Swift
C#, Java, JavaScript, Scala
C, C++, C#, JavaScript
C#, Java, JavaScript, Rust
C++, Go, JavaScript, Python
C, C#, Perl, PHP
C++, Java, JavaScript, Python
C, Erlang, Java, Objective-C
C++, Haskell, Lua, Objective-C
Java, JavaScript, Python, Scala
Assembly, C, C++, CoffeeScript
C++, Elixir, Haskell, JavaScript
Assembly, C, C++, C#
Assembly, C, C++, C#
Go, Java, Python, Swift
C, Java, Python, Swift
C#, Java, JavaScript, PHP
C++, Java, Python, R
C#, Java, JavaScript, PHP
C#, Java, JavaScript, Python
C, Go, Java, Python
C, C++, Java, Matlab
Assembly, C, C++, C#
Java, JavaScript, Python, SQL
C, C#, Java, JavaScript
Haskell, JavaScript, Python, Rust
C, C++, Java, Lua
C#, Java, JavaScript, Python
C++, C#, JavaScript, PHP
C, JavaScript, PHP, Python
C, C++, C#, PHP
C, C++, C#, Python
C#, Go, Java, JavaScript
C++, C#, Java, JavaScript
Assembly, C, C++, Go
C, C++, Java, JavaScript
C, Java, JavaScript, PHP
Assembly, C, C++, JavaScript
C, C#, Java, JavaScript
C#, Java, JavaScript, PHP
C#, Java, JavaScript, SQL
Java, PHP, VB.NET, Visual Basic 6
C++, Go, Java, Python
C, CoffeeScript, JavaScript, Lua
Assembly, Dart, Go, Lua
C#, Java, JavaScript, PHP
Go, Java, JavaScript, PHP
Assembly, C, Dart, Go
Groovy, Java, Python, R
C#, F#, Go, Java
Assembly, C++, Lua, Python
C++, C#, CoffeeScript, Java
Assembly, Java, JavaScript, Matlab
JavaScript, PHP, Python, Ruby
C, C++, Go, Java
JavaScript, Perl, PHP, Python
C++, C#, Go, JavaScript
CoffeeScript, Haskell, JavaScript, Python
C++, Clojure, Haskell, Java
C#, Java, JavaScript, PHP
Assembly, C++, C#, Go
C, C++, Java, JavaScript
C, Common Lisp, Java, Python
Assembly, C, Common Lisp, JavaScript
C++, Java, PHP, SQL
Assembly, C#, Go, Java
C++, C#, CoffeeScript, Java
C++, C#, Java, JavaScript
Assembly, C, C#, Matlab
C++, Go, PHP, Python
Assembly, C, C++, C#
C++, C#, Java, Perl
C++, Java, JavaScript, SQL
Assembly, C, C++, Java
C++, C#, Go, JavaScript
Java, JavaScript, PHP, Python
C++, Java, JavaScript, PHP
C, C++, Common Lisp, Go
C++, Java, JavaScript, Python
Python, Ruby, Scala, TypeScript
C++, Java, JavaScript, Perl
Java, JavaScript, PHP, Ruby
Elixir, Erlang, Go, Java
Clojure, Haskell, JavaScript, TypeScript
Elixir, Java, JavaScript, PHP
C, C++, C#, SQL
C#, Java, JavaScript, Swift
Erlang, F#, Matlab, Scala
Assembly, C, C++, C#
Java, JavaScript, PHP, Python
C, C++, Hack, Java
C, Elixir, Go, PHP
Assembly, C#, Java, Python
Java, Objective-C, PHP, Ruby
C, C++, Go, Python
Dart, Go, Python, R
Go, Haskell, Python, Rust
Assembly, C, C++, C#
C++, C#, Python, R
C#, Java, JavaScript, Python
Assembly, C++, C#, Common Lisp
C++, Lua, Python, VB.NET
Assembly, C, C++, C#
Clojure, Java, Python, Scala
C++, C#, Java, Objective-C
Assembly, C, C++, Java
Java, JavaScript, Python, Swift
Assembly, C, C++, Java
JavaScript, PHP, SQL, VB.NET
Go, Java, JavaScript, Rust
Go, JavaScript, Python, TypeScript
Assembly, C, C++, C#
Go, Java, JavaScript, TypeScript
Assembly, C, C++, C#
Common Lisp, Clojure, Haskell, Smalltalk
C, C++, C#, F#
Assembly, C, C++, Python
C++, Java, JavaScript, Lua
C#, Java, JavaScript, TypeScript
Assembly, C++, Java, JavaScript
C, C++, Go, Perl
C, C#, Java, Python
C++, C#, Java, JavaScript
Java, PHP, Python, SQL
C, C++, Python, Visual Basic 6
C, C++, Matlab, R
Assembly, C++, C#, Java
C, C++, C#, Ruby
Assembly, C, C++, Java
CoffeeScript, Groovy, Objective-C, Ruby
Common Lisp, Dart, Elixir, Erlang
C#, JavaScript, PHP, Python
C, C++, C#, Haskell
C, C++, C#, JavaScript
Assembly, C, Go, Java
C, C#, Java, Objective-C
C++, Java, PHP, Python
C++, Go, Haskell, Lua
Assembly, C++, Java, PHP
C++, C#, Java, JavaScript
C#, Java, Objective-C, Python
C, C++, Clojure, Groovy
C, C++, Java, Ruby
C++, Go, JavaScript, Swift
Assembly, Lua, Perl, PHP
C, C++, C#, Java
C++, C#, Erlang, Haskell
C, C++, C#, Go
Assembly, F#, Go, Hack
Assembly, C, C++, C#
Java, JavaScript, Python, SQL
C++, C#, Go, Java
Java, PHP, Ruby, SQL
Java, JavaScript, Python, Rust
C++, C#, Hack, Java
C++, Java, Lua, Python
C++, Go, JavaScript, Python
Assembly, C++, JavaScript, Python
C, C++, C#, Java
Assembly, C, C++, C#
C, Java, Python, Ruby
C++, C#, Java, SQL
Go, Java, JavaScript, Python
Assembly, Groovy, Java, JavaScript
C, JavaScript, Perl, PHP
Assembly, Java, JavaScript, PHP
CoffeeScript, Haskell, Rust, TypeScript
C++, Go, JavaScript, R
C, Java, JavaScript, Python
C, C++, JavaScript, PHP
C, C#, Go, Python
C, C++, Java, JavaScript
C#, Java, JavaScript, PHP
C++, C#, Java, Python
Java, JavaScript, Python, Scala
C++, C#, Common Lisp, Java
C, Java, JavaScript, Lua
Assembly, C, C++, Go
C, C++, Java, SQL
Assembly, C, C#, Java
C++, C#, Java, JavaScript
C++, JavaScript, Matlab, Python
C, C++, Java, JavaScript
C++, C#, JavaScript, PHP
Matlab, PHP, SQL, VB.NET
C++, Haskell, Java, Python
C++, C#, JavaScript, Python
Objective-C, Perl, Python, Ruby
Go, Haskell, Java, JavaScript
Assembly, C, C++, C#
Assembly, Haskell, JavaScript, Lua
C, C++, CoffeeScript, Go
SQL, VB.NET, VBA, Visual Basic 6
C++, Java, JavaScript, Matlab
Python, R, Scala, SQL
C, C++, C#, JavaScript
Hack, JavaScript, Lua, Ruby
C#, Java, Perl, Python
C++, C#, Java, JavaScript
C#, Java, JavaScript, PHP
C++, C#, JavaScript, Lua
C++, Java, Matlab, Python
Assembly, Java, JavaScript, Perl
C, Java, Python, Swift
C++, C#, Java, PHP
C#, JavaScript, PHP, Python
C++, Common Lisp, Haskell, Rust
C++, Go, R, Swift
C++, C#, Java, Julia
C++, C#, Java, JavaScript
Assembly, C, C++, Java
Assembly, C, C#, CoffeeScript
C, C++, C#, Go
C#, Python, Swift, TypeScript
C, CoffeeScript, Common Lisp, Clojure
C++, Go, Python, SQL
C++, Java, Python, Scala
CoffeeScript, JavaScript, SQL, VB.NET
C#, JavaScript, PHP, Python
C++, Java, JavaScript, Python
Assembly, C++, Java, JavaScript
CoffeeScript, Common Lisp, Clojure, Dart
C, C++, Go, Haskell
Assembly, C, C++, Elixir
C, C++, Java, JavaScript
Python, Ruby, Scala, Swift
C#, Dart, Erlang, JavaScript
C, Lua, PHP, Ruby
C++, JavaScript, Python, Swift
Assembly, C++, C#, Java
Assembly, C, C++, JavaScript
C#, JavaScript, PHP, SQL
C#, Java, JavaScript, PHP
C, C++, C#, Common Lisp
C++, C#, Python, Ruby
Assembly, C++, Java, SQL
C, C++, Python, Swift
C, C++, Haskell, Ruby
C++, Dart, Go, JavaScript
C, C++, Python, Ruby
C, C++, C#, JavaScript
Java, Python, R, Rust
C, C++, C#, Python
C++, C#, JavaScript, PHP
C++, C#, Java, JavaScript
Assembly, C, C++, Go
JavaScript, Python, Ruby, Swift
Haskell, Java, Python, SQL
C++, Erlang, Matlab, PHP
Go, Java, JavaScript, PHP
C#, Java, PHP, Python
C#, Java, Python, Ruby
JavaScript, PHP, Python, Ruby
Assembly, Haskell, Java, Python
Assembly, C, C++, C#
Assembly, C, C++, C#
C, C++, C#, PHP
C++, Common Lisp, JavaScript, Python
Clojure, Go, Python, Rust
C#, Java, JavaScript, Matlab
C++, Java, JavaScript, Python
C++, C#, Java, JavaScript
Assembly, C#, JavaScript, Julia
C, Clojure, Elixir, JavaScript
CoffeeScript, Common Lisp, JavaScript, PHP
C#, Elixir, Erlang, Haskell
Erlang, Go, Groovy, Perl
C, C++, C#, Java
Assembly, C#, Java, Python
Assembly, Java, JavaScript, Python
C#, Go, Python, TypeScript
Assembly, C, C++, Objective-C
Assembly, C, C++, C#
C, C++, Java, JavaScript
Assembly, C, C++, C#
Assembly, C, Haskell, Objective-C
Assembly, C, C++, C#
Assembly, C++, Java, Python
C++, Perl, Python, Rust
C#, Java, JavaScript, Ruby
C++, Haskell, JavaScript, Python
C#, Java, JavaScript, PHP
C#, F#, Haskell, Objective-C
Assembly, C, C++, C#
C, JavaScript, PHP, Python
C, C++, JavaScript, Objective-C
C#, Common Lisp, JavaScript, Python
Assembly, C, C++, Common Lisp
JavaScript, PHP, Python, SQL
C, C++, Go, Haskell
C, Java, Matlab, Python
Java, JavaScript, Perl, Python
C, C++, C#, Elixir
C#, JavaScript, Ruby, SQL
Assembly, C, C++, Java
Assembly, C#, JavaScript, Matlab
C++, C#, Dart, Groovy
C, Java, JavaScript, Python
Java, PHP, Python, Swift
C#, JavaScript, Objective-C, SQL
C++, JavaScript, Ruby, Scala
C, Erlang, Go, Java
C++, C#, Go, Java
C, C++, Java, JavaScript
C++, C#, JavaScript, PHP
C++, Common Lisp, Java, JavaScript
C, C++, C#, Java
C++, Java, JavaScript, Python
C, C++, C#, CoffeeScript
Assembly, C#, CoffeeScript, Clojure
C, C++, Clojure, Java
C, C++, Java, Python
C, C++, C#, Java
Assembly, C, C++, Java
C, C++, Elixir, Go
C, C++, C#, Java
C, C++, C#, Ruby
C, C++, CoffeeScript, Java
Assembly, C, C++, Python
C#, Go, Ruby, Swift
Assembly, Java, JavaScript, Lua
CoffeeScript, Hack, Java, JavaScript
C++, Java, PHP, Python
Assembly, C++, Java, JavaScript
C++, JavaScript, Python, SQL
Assembly, C, Clojure, Elixir
C#, Java, JavaScript, PHP
Java, R, Rust, SQL
C, C++, JavaScript, PHP
C, C++, C#, Java
Java, JavaScript, Python, SQL
C#, JavaScript, PHP, Python
C#, Java, PHP, SQL
C++, C#, JavaScript, Matlab
Assembly, C, C++, Ruby
C++, Python, Ruby, SQL
C, C#, PHP, Python
Assembly, C, C++, Go
JavaScript, PHP, SQL, Visual Basic 6
C++, C#, Java, SQL
C, C++, JavaScript, Python
JavaScript, Ruby, SQL, Swift
C, C#, Go, Haskell
C++, JavaScript, Matlab, Python
C, Clojure, Rust, Scala
Assembly, C++, F#, Java
C++, C#, Java, JavaScript
C#, Java, JavaScript, Python
C++, Elixir, Go, Java
Assembly, C, C++, C#
C, C++, Go, Groovy
Erlang, Java, Python, Scala
Go, JavaScript, SQL, TypeScript
C, C++, C#, Scala
C++, Java, JavaScript, Matlab
Common Lisp, Clojure, Elixir, Go
Assembly, C, C++, Haskell
C, JavaScript, PHP, SQL
Java, JavaScript, Python, VBA
C++, JavaScript, Ruby, SQL
C++, C#, Java, JavaScript
C++, C#, Java, JavaScript
Assembly, C, C++, C#
Assembly, C, C++, Common Lisp
C, C++, Haskell, JavaScript
C++, Go, Java, JavaScript
C#, Java, JavaScript, PHP
